run_id,job_name,step_name,step_duration,timestamp
27102077972,lint,Set up job,1.0,2026-06-07T19:11:17Z
27102077972,lint,Run actions/checkout@v4,0.0,2026-06-07T19:11:17Z
27102077972,lint,Run actions/setup-python@v5,0.0,2026-06-07T19:11:17Z
27102077972,lint,Cache pip,1.0,2026-06-07T19:11:17Z
27102077972,lint,Install dev dependencies,14.0,2026-06-07T19:11:17Z
27102077972,lint,Run flake8,1.0,2026-06-07T19:11:17Z
27102077972,lint,Post Cache pip,0.0,2026-06-07T19:11:17Z
27102077972,lint,Post Run actions/setup-python@v5,0.0,2026-06-07T19:11:17Z
27102077972,lint,Post Run actions/checkout@v4,1.0,2026-06-07T19:11:17Z
27102077972,lint,Complete job,0.0,2026-06-07T19:11:17Z
27102077972,test,Set up job,1.0,2026-06-07T19:11:17Z
27102077972,test,Run actions/checkout@v4,1.0,2026-06-07T19:11:17Z
27102077972,test,Run actions/setup-python@v5,0.0,2026-06-07T19:11:17Z
27102077972,test,Cache pip,2.0,2026-06-07T19:11:17Z
27102077972,test,Install dependencies,14.0,2026-06-07T19:11:17Z
27102077972,test,Run pytest,0.0,2026-06-07T19:11:17Z
27102077972,test,Upload test results,1.0,2026-06-07T19:11:17Z
27102077972,test,Post Cache pip,1.0,2026-06-07T19:11:17Z
27102077972,test,Post Run actions/setup-python@v5,0.0,2026-06-07T19:11:17Z
27102077972,test,Post Run actions/checkout@v4,0.0,2026-06-07T19:11:17Z
27102077972,test,Complete job,0.0,2026-06-07T19:11:17Z
27102077972,build-artifact,Set up job,1.0,2026-06-07T19:11:17Z
27102077972,build-artifact,Run actions/checkout@v4,1.0,2026-06-07T19:11:17Z
27102077972,build-artifact,Run actions/setup-python@v5,0.0,2026-06-07T19:11:17Z
27102077972,build-artifact,Cache pip,2.0,2026-06-07T19:11:17Z
27102077972,build-artifact,Install runtime dependencies,1.0,2026-06-07T19:11:17Z
27102077972,build-artifact,Generate build report,0.0,2026-06-07T19:11:17Z
27102077972,build-artifact,Upload build report,1.0,2026-06-07T19:11:17Z
27102077972,build-artifact,Post Cache pip,0.0,2026-06-07T19:11:17Z
27102077972,build-artifact,Post Run actions/setup-python@v5,1.0,2026-06-07T19:11:17Z
27102077972,build-artifact,Post Run actions/checkout@v4,0.0,2026-06-07T19:11:17Z
27102077972,build-artifact,Complete job,0.0,2026-06-07T19:11:17Z
27102077969,lint,Set up job,1.0,2026-06-07T19:11:17Z
27102077969,lint,Run actions/checkout@v4,1.0,2026-06-07T19:11:17Z
27102077969,lint,Run actions/setup-python@v5,0.0,2026-06-07T19:11:17Z
27102077969,lint,Cache pip,2.0,2026-06-07T19:11:17Z
27102077969,lint,Install dev dependencies,12.0,2026-06-07T19:11:17Z
27102077969,lint,Run flake8,0.0,2026-06-07T19:11:17Z
27102077969,lint,Post Cache pip,1.0,2026-06-07T19:11:17Z
27102077969,lint,Post Run actions/setup-python@v5,0.0,2026-06-07T19:11:17Z
27102077969,lint,Post Run actions/checkout@v4,0.0,2026-06-07T19:11:17Z
27102077969,lint,Complete job,0.0,2026-06-07T19:11:17Z
27102077969,test,Set up job,2.0,2026-06-07T19:11:17Z
27102077969,test,Run actions/checkout@v4,0.0,2026-06-07T19:11:17Z
27102077969,test,Run actions/setup-python@v5,1.0,2026-06-07T19:11:17Z
27102077969,test,Cache pip,2.0,2026-06-07T19:11:17Z
27102077969,test,Install dependencies,14.0,2026-06-07T19:11:17Z
27102077969,test,Run pytest,0.0,2026-06-07T19:11:17Z
27102077969,test,Upload test results,1.0,2026-06-07T19:11:17Z
27102077969,test,Post Cache pip,1.0,2026-06-07T19:11:17Z
27102077969,test,Post Run actions/setup-python@v5,0.0,2026-06-07T19:11:17Z
27102077969,test,Post Run actions/checkout@v4,0.0,2026-06-07T19:11:17Z
27102077969,test,Complete job,0.0,2026-06-07T19:11:17Z
27102077969,build-artifact,Set up job,2.0,2026-06-07T19:11:17Z
27102077969,build-artifact,Run actions/checkout@v4,0.0,2026-06-07T19:11:17Z
27102077969,build-artifact,Run actions/setup-python@v5,1.0,2026-06-07T19:11:17Z
27102077969,build-artifact,Cache pip,1.0,2026-06-07T19:11:17Z
27102077969,build-artifact,Install runtime dependencies,3.0,2026-06-07T19:11:17Z
27102077969,build-artifact,Generate build report,0.0,2026-06-07T19:11:17Z
27102077969,build-artifact,Upload build report,1.0,2026-06-07T19:11:17Z
27102077969,build-artifact,Post Cache pip,0.0,2026-06-07T19:11:17Z
27102077969,build-artifact,Post Run actions/setup-python@v5,1.0,2026-06-07T19:11:17Z
27102077969,build-artifact,Post Run actions/checkout@v4,0.0,2026-06-07T19:11:17Z
27102077969,build-artifact,Complete job,0.0,2026-06-07T19:11:17Z
27102049980,lint,Set up job,2.0,2026-06-07T19:10:07Z
27102049980,lint,Run actions/checkout@v4,1.0,2026-06-07T19:10:07Z
27102049980,lint,Run actions/setup-python@v5,0.0,2026-06-07T19:10:07Z
27102049980,lint,Cache pip,1.0,2026-06-07T19:10:07Z
27102049980,lint,Install dev dependencies,14.0,2026-06-07T19:10:07Z
27102049980,lint,Run flake8,1.0,2026-06-07T19:10:07Z
27102049980,lint,Post Cache pip,0.0,2026-06-07T19:10:07Z
27102049980,lint,Post Run actions/setup-python@v5,0.0,2026-06-07T19:10:07Z
27102049980,lint,Post Run actions/checkout@v4,0.0,2026-06-07T19:10:07Z
27102049980,lint,Complete job,0.0,2026-06-07T19:10:07Z
27102049980,test,Set up job,1.0,2026-06-07T19:10:07Z
27102049980,test,Run actions/checkout@v4,1.0,2026-06-07T19:10:07Z
27102049980,test,Run actions/setup-python@v5,0.0,2026-06-07T19:10:07Z
27102049980,test,Cache pip,2.0,2026-06-07T19:10:07Z
27102049980,test,Install dependencies,13.0,2026-06-07T19:10:07Z
27102049980,test,Run pytest,1.0,2026-06-07T19:10:07Z
27102049980,test,Upload test results,1.0,2026-06-07T19:10:07Z
27102049980,test,Post Cache pip,0.0,2026-06-07T19:10:07Z
27102049980,test,Post Run actions/setup-python@v5,0.0,2026-06-07T19:10:07Z
27102049980,test,Post Run actions/checkout@v4,0.0,2026-06-07T19:10:07Z
27102049980,test,Complete job,1.0,2026-06-07T19:10:07Z
27102049980,build-artifact,Set up job,1.0,2026-06-07T19:10:07Z
27102049980,build-artifact,Run actions/checkout@v4,1.0,2026-06-07T19:10:07Z
27102049980,build-artifact,Run actions/setup-python@v5,0.0,2026-06-07T19:10:07Z
27102049980,build-artifact,Cache pip,2.0,2026-06-07T19:10:07Z
27102049980,build-artifact,Install runtime dependencies,2.0,2026-06-07T19:10:07Z
27102049980,build-artifact,Generate build report,0.0,2026-06-07T19:10:07Z
27102049980,build-artifact,Upload build report,1.0,2026-06-07T19:10:07Z
27102049980,build-artifact,Post Cache pip,1.0,2026-06-07T19:10:07Z
27102049980,build-artifact,Post Run actions/setup-python@v5,0.0,2026-06-07T19:10:07Z
27102049980,build-artifact,Post Run actions/checkout@v4,0.0,2026-06-07T19:10:07Z
27102049980,build-artifact,Complete job,0.0,2026-06-07T19:10:07Z
27102049977,lint,Set up job,1.0,2026-06-07T19:10:07Z
27102049977,lint,Run actions/checkout@v4,0.0,2026-06-07T19:10:07Z
27102049977,lint,Run actions/setup-python@v5,0.0,2026-06-07T19:10:07Z
27102049977,lint,Cache pip,1.0,2026-06-07T19:10:07Z
27102049977,lint,Install dev dependencies,14.0,2026-06-07T19:10:07Z
27102049977,lint,Run flake8,0.0,2026-06-07T19:10:07Z
27102049977,lint,Post Cache pip,0.0,2026-06-07T19:10:07Z
27102049977,lint,Post Run actions/setup-python@v5,0.0,2026-06-07T19:10:07Z
27102049977,lint,Post Run actions/checkout@v4,1.0,2026-06-07T19:10:07Z
27102049977,lint,Complete job,0.0,2026-06-07T19:10:07Z
27102049977,test,Set up job,1.0,2026-06-07T19:10:07Z
27102049977,test,Run actions/checkout@v4,0.0,2026-06-07T19:10:07Z
27102049977,test,Run actions/setup-python@v5,1.0,2026-06-07T19:10:07Z
27102049977,test,Cache pip,2.0,2026-06-07T19:10:07Z
27102049977,test,Install dependencies,13.0,2026-06-07T19:10:07Z
27102049977,test,Run pytest,0.0,2026-06-07T19:10:07Z
27102049977,test,Upload test results,1.0,2026-06-07T19:10:07Z
27102049977,test,Post Cache pip,0.0,2026-06-07T19:10:07Z
27102049977,test,Post Run actions/setup-python@v5,1.0,2026-06-07T19:10:07Z
27102049977,test,Post Run actions/checkout@v4,0.0,2026-06-07T19:10:07Z
27102049977,test,Complete job,0.0,2026-06-07T19:10:07Z
27102049977,build-artifact,Set up job,1.0,2026-06-07T19:10:07Z
27102049977,build-artifact,Run actions/checkout@v4,0.0,2026-06-07T19:10:07Z
27102049977,build-artifact,Run actions/setup-python@v5,0.0,2026-06-07T19:10:07Z
27102049977,build-artifact,Cache pip,2.0,2026-06-07T19:10:07Z
27102049977,build-artifact,Install runtime dependencies,0.0,2026-06-07T19:10:07Z
27102049977,build-artifact,Generate build report,1.0,2026-06-07T19:10:07Z
27102049977,build-artifact,Upload build report,0.0,2026-06-07T19:10:07Z
27102049977,build-artifact,Post Cache pip,0.0,2026-06-07T19:10:07Z
27102049977,build-artifact,Post Run actions/setup-python@v5,1.0,2026-06-07T19:10:07Z
27102049977,build-artifact,Post Run actions/checkout@v4,0.0,2026-06-07T19:10:07Z
27102049977,build-artifact,Complete job,0.0,2026-06-07T19:10:07Z
27102021594,lint,Set up job,1.0,2026-06-07T19:08:54Z
27102021594,lint,Run actions/checkout@v4,1.0,2026-06-07T19:08:54Z
27102021594,lint,Run actions/setup-python@v5,0.0,2026-06-07T19:08:54Z
27102021594,lint,Cache pip,1.0,2026-06-07T19:08:54Z
27102021594,lint,Install dev dependencies,12.0,2026-06-07T19:08:54Z
27102021594,lint,Run flake8,1.0,2026-06-07T19:08:54Z
27102021594,lint,Post Cache pip,0.0,2026-06-07T19:08:54Z
27102021594,lint,Post Run actions/setup-python@v5,0.0,2026-06-07T19:08:54Z
27102021594,lint,Post Run actions/checkout@v4,0.0,2026-06-07T19:08:54Z
27102021594,lint,Complete job,0.0,2026-06-07T19:08:54Z
27102021594,test,Set up job,3.0,2026-06-07T19:08:54Z
27102021594,test,Run actions/checkout@v4,0.0,2026-06-07T19:08:54Z
27102021594,test,Run actions/setup-python@v5,0.0,2026-06-07T19:08:54Z
27102021594,test,Cache pip,2.0,2026-06-07T19:08:54Z
27102021594,test,Install dependencies,14.0,2026-06-07T19:08:54Z
27102021594,test,Run pytest,1.0,2026-06-07T19:08:54Z
27102021594,test,Upload test results,0.0,2026-06-07T19:08:54Z
27102021594,test,Post Cache pip,0.0,2026-06-07T19:08:54Z
27102021594,test,Post Run actions/setup-python@v5,1.0,2026-06-07T19:08:54Z
27102021594,test,Post Run actions/checkout@v4,0.0,2026-06-07T19:08:54Z
27102021594,test,Complete job,0.0,2026-06-07T19:08:54Z
27102021594,build-artifact,Set up job,1.0,2026-06-07T19:08:54Z
27102021594,build-artifact,Run actions/checkout@v4,1.0,2026-06-07T19:08:54Z
27102021594,build-artifact,Run actions/setup-python@v5,0.0,2026-06-07T19:08:54Z
27102021594,build-artifact,Cache pip,1.0,2026-06-07T19:08:54Z
27102021594,build-artifact,Install runtime dependencies,0.0,2026-06-07T19:08:54Z
27102021594,build-artifact,Generate build report,0.0,2026-06-07T19:08:54Z
27102021594,build-artifact,Upload build report,1.0,2026-06-07T19:08:54Z
27102021594,build-artifact,Post Cache pip,0.0,2026-06-07T19:08:54Z
27102021594,build-artifact,Post Run actions/setup-python@v5,0.0,2026-06-07T19:08:54Z
27102021594,build-artifact,Post Run actions/checkout@v4,0.0,2026-06-07T19:08:54Z
27102021594,build-artifact,Complete job,0.0,2026-06-07T19:08:54Z
27102021587,lint,Set up job,1.0,2026-06-07T19:08:54Z
27102021587,lint,Run actions/checkout@v4,1.0,2026-06-07T19:08:54Z
27102021587,lint,Run actions/setup-python@v5,0.0,2026-06-07T19:08:54Z
27102021587,lint,Cache pip,1.0,2026-06-07T19:08:54Z
27102021587,lint,Install dev dependencies,12.0,2026-06-07T19:08:54Z
27102021587,lint,Run flake8,1.0,2026-06-07T19:08:54Z
27102021587,lint,Post Cache pip,0.0,2026-06-07T19:08:54Z
27102021587,lint,Post Run actions/setup-python@v5,0.0,2026-06-07T19:08:54Z
27102021587,lint,Post Run actions/checkout@v4,0.0,2026-06-07T19:08:54Z
27102021587,lint,Complete job,0.0,2026-06-07T19:08:54Z
27102021587,test,Set up job,1.0,2026-06-07T19:08:54Z
27102021587,test,Run actions/checkout@v4,0.0,2026-06-07T19:08:54Z
27102021587,test,Run actions/setup-python@v5,1.0,2026-06-07T19:08:54Z
27102021587,test,Cache pip,2.0,2026-06-07T19:08:54Z
27102021587,test,Install dependencies,12.0,2026-06-07T19:08:54Z
27102021587,test,Run pytest,1.0,2026-06-07T19:08:54Z
27102021587,test,Upload test results,1.0,2026-06-07T19:08:54Z
27102021587,test,Post Cache pip,1.0,2026-06-07T19:08:54Z
27102021587,test,Post Run actions/setup-python@v5,0.0,2026-06-07T19:08:54Z
27102021587,test,Post Run actions/checkout@v4,0.0,2026-06-07T19:08:54Z
27102021587,test,Complete job,0.0,2026-06-07T19:08:54Z
27102021587,build-artifact,Set up job,1.0,2026-06-07T19:08:54Z
27102021587,build-artifact,Run actions/checkout@v4,1.0,2026-06-07T19:08:54Z
27102021587,build-artifact,Run actions/setup-python@v5,0.0,2026-06-07T19:08:54Z
27102021587,build-artifact,Cache pip,2.0,2026-06-07T19:08:54Z
27102021587,build-artifact,Install runtime dependencies,1.0,2026-06-07T19:08:54Z
27102021587,build-artifact,Generate build report,0.0,2026-06-07T19:08:54Z
27102021587,build-artifact,Upload build report,1.0,2026-06-07T19:08:54Z
27102021587,build-artifact,Post Cache pip,0.0,2026-06-07T19:08:54Z
27102021587,build-artifact,Post Run actions/setup-python@v5,0.0,2026-06-07T19:08:54Z
27102021587,build-artifact,Post Run actions/checkout@v4,1.0,2026-06-07T19:08:54Z
27102021587,build-artifact,Complete job,0.0,2026-06-07T19:08:54Z
27101987231,lint,Set up job,1.0,2026-06-07T19:07:25Z
27101987231,lint,Run actions/checkout@v4,1.0,2026-06-07T19:07:25Z
27101987231,lint,Run actions/setup-python@v5,0.0,2026-06-07T19:07:25Z
27101987231,lint,Cache pip,2.0,2026-06-07T19:07:25Z
27101987231,lint,Install dev dependencies,17.0,2026-06-07T19:07:25Z
27101987231,lint,Run flake8,0.0,2026-06-07T19:07:25Z
27101987231,lint,Post Cache pip,1.0,2026-06-07T19:07:25Z
27101987231,lint,Post Run actions/setup-python@v5,0.0,2026-06-07T19:07:25Z
27101987231,lint,Post Run actions/checkout@v4,0.0,2026-06-07T19:07:25Z
27101987231,lint,Complete job,0.0,2026-06-07T19:07:25Z
27101987231,test,Set up job,1.0,2026-06-07T19:07:25Z
27101987231,test,Run actions/checkout@v4,0.0,2026-06-07T19:07:25Z
27101987231,test,Run actions/setup-python@v5,0.0,2026-06-07T19:07:25Z
27101987231,test,Cache pip,2.0,2026-06-07T19:07:25Z
27101987231,test,Install dependencies,11.0,2026-06-07T19:07:25Z
27101987231,test,Run pytest,1.0,2026-06-07T19:07:25Z
27101987231,test,Upload test results,1.0,2026-06-07T19:07:25Z
27101987231,test,Post Cache pip,0.0,2026-06-07T19:07:25Z
27101987231,test,Post Run actions/setup-python@v5,0.0,2026-06-07T19:07:25Z
27101987231,test,Post Run actions/checkout@v4,0.0,2026-06-07T19:07:25Z
27101987231,test,Complete job,1.0,2026-06-07T19:07:25Z
27101987231,build-artifact,Set up job,1.0,2026-06-07T19:07:25Z
27101987231,build-artifact,Run actions/checkout@v4,1.0,2026-06-07T19:07:25Z
27101987231,build-artifact,Run actions/setup-python@v5,0.0,2026-06-07T19:07:25Z
27101987231,build-artifact,Cache pip,3.0,2026-06-07T19:07:25Z
27101987231,build-artifact,Install runtime dependencies,2.0,2026-06-07T19:07:25Z
27101987231,build-artifact,Generate build report,0.0,2026-06-07T19:07:25Z
27101987231,build-artifact,Upload build report,1.0,2026-06-07T19:07:25Z
27101987231,build-artifact,Post Cache pip,0.0,2026-06-07T19:07:25Z
27101987231,build-artifact,Post Run actions/setup-python@v5,0.0,2026-06-07T19:07:25Z
27101987231,build-artifact,Post Run actions/checkout@v4,1.0,2026-06-07T19:07:25Z
27101987231,build-artifact,Complete job,0.0,2026-06-07T19:07:25Z
27101987222,test,Set up job,1.0,2026-06-07T19:07:25Z
27101987222,test,Run actions/checkout@v4,0.0,2026-06-07T19:07:25Z
27101987222,test,Run actions/setup-python@v5,0.0,2026-06-07T19:07:25Z
27101987222,test,Cache pip,1.0,2026-06-07T19:07:25Z
27101987222,test,Install dependencies,15.0,2026-06-07T19:07:25Z
27101987222,test,Run pytest,1.0,2026-06-07T19:07:25Z
27101987222,test,Upload test results,1.0,2026-06-07T19:07:25Z
27101987222,test,Post Cache pip,0.0,2026-06-07T19:07:25Z
27101987222,test,Post Run actions/setup-python@v5,0.0,2026-06-07T19:07:25Z
27101987222,test,Post Run actions/checkout@v4,0.0,2026-06-07T19:07:25Z
27101987222,test,Complete job,0.0,2026-06-07T19:07:25Z
27101987222,lint,Set up job,1.0,2026-06-07T19:07:25Z
27101987222,lint,Run actions/checkout@v4,0.0,2026-06-07T19:07:25Z
27101987222,lint,Run actions/setup-python@v5,0.0,2026-06-07T19:07:25Z
27101987222,lint,Cache pip,3.0,2026-06-07T19:07:25Z
27101987222,lint,Install dev dependencies,12.0,2026-06-07T19:07:25Z
27101987222,lint,Run flake8,0.0,2026-06-07T19:07:25Z
27101987222,lint,Post Cache pip,1.0,2026-06-07T19:07:25Z
27101987222,lint,Post Run actions/setup-python@v5,0.0,2026-06-07T19:07:25Z
27101987222,lint,Post Run actions/checkout@v4,0.0,2026-06-07T19:07:25Z
27101987222,lint,Complete job,0.0,2026-06-07T19:07:25Z
27101987222,build-artifact,Set up job,1.0,2026-06-07T19:07:25Z
27101987222,build-artifact,Run actions/checkout@v4,0.0,2026-06-07T19:07:25Z
27101987222,build-artifact,Run actions/setup-python@v5,0.0,2026-06-07T19:07:25Z
27101987222,build-artifact,Cache pip,1.0,2026-06-07T19:07:25Z
27101987222,build-artifact,Install runtime dependencies,1.0,2026-06-07T19:07:25Z
27101987222,build-artifact,Generate build report,0.0,2026-06-07T19:07:25Z
27101987222,build-artifact,Upload build report,0.0,2026-06-07T19:07:25Z
27101987222,build-artifact,Post Cache pip,1.0,2026-06-07T19:07:25Z
27101987222,build-artifact,Post Run actions/setup-python@v5,0.0,2026-06-07T19:07:25Z
27101987222,build-artifact,Post Run actions/checkout@v4,0.0,2026-06-07T19:07:25Z
27101987222,build-artifact,Complete job,0.0,2026-06-07T19:07:25Z
27101955674,lint,Set up job,0.0,2026-06-07T19:06:01Z
27101955674,lint,Run actions/checkout@v4,1.0,2026-06-07T19:06:01Z
27101955674,lint,Run actions/setup-python@v5,0.0,2026-06-07T19:06:01Z
27101955674,lint,Install dev dependencies,14.0,2026-06-07T19:06:01Z
27101955674,lint,Run flake8,0.0,2026-06-07T19:06:01Z
27101955674,lint,Post Run actions/setup-python@v5,0.0,2026-06-07T19:06:01Z
27101955674,lint,Post Run actions/checkout@v4,1.0,2026-06-07T19:06:01Z
27101955674,lint,Complete job,0.0,2026-06-07T19:06:01Z
27101955674,test,Set up job,1.0,2026-06-07T19:06:01Z
27101955674,test,Run actions/checkout@v4,0.0,2026-06-07T19:06:01Z
27101955674,test,Run actions/setup-python@v5,1.0,2026-06-07T19:06:01Z
27101955674,test,Install dependencies,12.0,2026-06-07T19:06:01Z
27101955674,test,Run pytest,1.0,2026-06-07T19:06:01Z
27101955674,test,Upload test results,1.0,2026-06-07T19:06:01Z
27101955674,test,Post Run actions/setup-python@v5,0.0,2026-06-07T19:06:01Z
27101955674,test,Post Run actions/checkout@v4,0.0,2026-06-07T19:06:01Z
27101955674,test,Complete job,0.0,2026-06-07T19:06:01Z
27101955674,build-artifact,Set up job,1.0,2026-06-07T19:06:01Z
27101955674,build-artifact,Run actions/checkout@v4,1.0,2026-06-07T19:06:01Z
27101955674,build-artifact,Run actions/setup-python@v5,0.0,2026-06-07T19:06:01Z
27101955674,build-artifact,Install runtime dependencies,1.0,2026-06-07T19:06:01Z
27101955674,build-artifact,Generate build report,0.0,2026-06-07T19:06:01Z
27101955674,build-artifact,Upload build report,1.0,2026-06-07T19:06:01Z
27101955674,build-artifact,Post Run actions/setup-python@v5,0.0,2026-06-07T19:06:01Z
27101955674,build-artifact,Post Run actions/checkout@v4,0.0,2026-06-07T19:06:01Z
27101955674,build-artifact,Complete job,0.0,2026-06-07T19:06:01Z
27101955666,lint,Set up job,1.0,2026-06-07T19:06:01Z
27101955666,lint,Run actions/checkout@v4,2.0,2026-06-07T19:06:01Z
27101955666,lint,Run actions/setup-python@v5,0.0,2026-06-07T19:06:01Z
27101955666,lint,Cache pip,1.0,2026-06-07T19:06:01Z
27101955666,lint,Install dev dependencies,14.0,2026-06-07T19:06:01Z
27101955666,lint,Run flake8,1.0,2026-06-07T19:06:01Z
27101955666,lint,Post Cache pip,0.0,2026-06-07T19:06:01Z
27101955666,lint,Post Run actions/setup-python@v5,0.0,2026-06-07T19:06:01Z
27101955666,lint,Post Run actions/checkout@v4,1.0,2026-06-07T19:06:01Z
27101955666,lint,Complete job,0.0,2026-06-07T19:06:01Z
27101955666,test,Set up job,1.0,2026-06-07T19:06:01Z
27101955666,test,Run actions/checkout@v4,0.0,2026-06-07T19:06:01Z
27101955666,test,Run actions/setup-python@v5,1.0,2026-06-07T19:06:01Z
27101955666,test,Cache pip,0.0,2026-06-07T19:06:01Z
27101955666,test,Install dependencies,16.0,2026-06-07T19:06:01Z
27101955666,test,Run pytest,0.0,2026-06-07T19:06:01Z
27101955666,test,Upload test results,1.0,2026-06-07T19:06:01Z
27101955666,test,Post Cache pip,0.0,2026-06-07T19:06:01Z
27101955666,test,Post Run actions/setup-python@v5,0.0,2026-06-07T19:06:01Z
27101955666,test,Post Run actions/checkout@v4,0.0,2026-06-07T19:06:01Z
27101955666,test,Complete job,1.0,2026-06-07T19:06:01Z
27101955666,build-artifact,Set up job,1.0,2026-06-07T19:06:01Z
27101955666,build-artifact,Run actions/checkout@v4,1.0,2026-06-07T19:06:01Z
27101955666,build-artifact,Run actions/setup-python@v5,0.0,2026-06-07T19:06:01Z
27101955666,build-artifact,Cache pip,3.0,2026-06-07T19:06:01Z
27101955666,build-artifact,Install runtime dependencies,1.0,2026-06-07T19:06:01Z
27101955666,build-artifact,Generate build report,0.0,2026-06-07T19:06:01Z
27101955666,build-artifact,Upload build report,1.0,2026-06-07T19:06:01Z
27101955666,build-artifact,Post Cache pip,0.0,2026-06-07T19:06:01Z
27101955666,build-artifact,Post Run actions/setup-python@v5,0.0,2026-06-07T19:06:01Z
27101955666,build-artifact,Post Run actions/checkout@v4,0.0,2026-06-07T19:06:01Z
27101955666,build-artifact,Complete job,0.0,2026-06-07T19:06:01Z
27101915260,lint,Set up job,2.0,2026-06-07T19:04:20Z
27101915260,lint,Run actions/checkout@v4,0.0,2026-06-07T19:04:20Z
27101915260,lint,Run actions/setup-python@v5,0.0,2026-06-07T19:04:20Z
27101915260,lint,Cache pip,1.0,2026-06-07T19:04:20Z
27101915260,lint,Install dev dependencies,14.0,2026-06-07T19:04:20Z
27101915260,lint,Run flake8,1.0,2026-06-07T19:04:20Z
27101915260,lint,Post Cache pip,0.0,2026-06-07T19:04:20Z
27101915260,lint,Post Run actions/setup-python@v5,0.0,2026-06-07T19:04:20Z
27101915260,lint,Post Run actions/checkout@v4,0.0,2026-06-07T19:04:20Z
27101915260,lint,Complete job,0.0,2026-06-07T19:04:20Z
27101915260,test,Set up job,1.0,2026-06-07T19:04:20Z
27101915260,test,Run actions/checkout@v4,1.0,2026-06-07T19:04:20Z
27101915260,test,Run actions/setup-python@v5,0.0,2026-06-07T19:04:20Z
27101915260,test,Cache pip,1.0,2026-06-07T19:04:20Z
27101915260,test,Install dependencies,13.0,2026-06-07T19:04:20Z
27101915260,test,Run pytest,0.0,2026-06-07T19:04:20Z
27101915260,test,Upload test results,1.0,2026-06-07T19:04:20Z
27101915260,test,Post Cache pip,0.0,2026-06-07T19:04:20Z
27101915260,test,Post Run actions/setup-python@v5,0.0,2026-06-07T19:04:20Z
27101915260,test,Post Run actions/checkout@v4,1.0,2026-06-07T19:04:20Z
27101915260,test,Complete job,0.0,2026-06-07T19:04:20Z
27101915260,build-artifact,Set up job,1.0,2026-06-07T19:04:20Z
27101915260,build-artifact,Run actions/checkout@v4,1.0,2026-06-07T19:04:20Z
27101915260,build-artifact,Run actions/setup-python@v5,0.0,2026-06-07T19:04:20Z
27101915260,build-artifact,Cache pip,2.0,2026-06-07T19:04:20Z
27101915260,build-artifact,Install runtime dependencies,1.0,2026-06-07T19:04:20Z
27101915260,build-artifact,Generate build report,0.0,2026-06-07T19:04:20Z
27101915260,build-artifact,Upload build report,1.0,2026-06-07T19:04:20Z
27101915260,build-artifact,Post Cache pip,0.0,2026-06-07T19:04:20Z
27101915260,build-artifact,Post Run actions/setup-python@v5,1.0,2026-06-07T19:04:20Z
27101915260,build-artifact,Post Run actions/checkout@v4,0.0,2026-06-07T19:04:20Z
27101915260,build-artifact,Complete job,0.0,2026-06-07T19:04:20Z
27101915259,lint,Set up job,1.0,2026-06-07T19:04:20Z
27101915259,lint,Run actions/checkout@v4,1.0,2026-06-07T19:04:20Z
27101915259,lint,Run actions/setup-python@v5,0.0,2026-06-07T19:04:20Z
27101915259,lint,Cache pip,2.0,2026-06-07T19:04:20Z
27101915259,lint,Install dev dependencies,14.0,2026-06-07T19:04:20Z
27101915259,lint,Run flake8,0.0,2026-06-07T19:04:20Z
27101915259,lint,Post Cache pip,0.0,2026-06-07T19:04:20Z
27101915259,lint,Post Run actions/setup-python@v5,1.0,2026-06-07T19:04:20Z
27101915259,lint,Post Run actions/checkout@v4,0.0,2026-06-07T19:04:20Z
27101915259,lint,Complete job,0.0,2026-06-07T19:04:20Z
27101915259,test,Set up job,1.0,2026-06-07T19:04:20Z
27101915259,test,Run actions/checkout@v4,1.0,2026-06-07T19:04:20Z
27101915259,test,Run actions/setup-python@v5,0.0,2026-06-07T19:04:20Z
27101915259,test,Cache pip,2.0,2026-06-07T19:04:20Z
27101915259,test,Install dependencies,15.0,2026-06-07T19:04:20Z
27101915259,test,Run pytest,0.0,2026-06-07T19:04:20Z
27101915259,test,Upload test results,2.0,2026-06-07T19:04:20Z
27101915259,test,Post Cache pip,0.0,2026-06-07T19:04:20Z
27101915259,test,Post Run actions/setup-python@v5,0.0,2026-06-07T19:04:20Z
27101915259,test,Post Run actions/checkout@v4,0.0,2026-06-07T19:04:20Z
27101915259,test,Complete job,0.0,2026-06-07T19:04:20Z
27101915259,build-artifact,Set up job,2.0,2026-06-07T19:04:20Z
27101915259,build-artifact,Run actions/checkout@v4,0.0,2026-06-07T19:04:20Z
27101915259,build-artifact,Run actions/setup-python@v5,0.0,2026-06-07T19:04:20Z
27101915259,build-artifact,Cache pip,3.0,2026-06-07T19:04:20Z
27101915259,build-artifact,Install runtime dependencies,3.0,2026-06-07T19:04:20Z
27101915259,build-artifact,Generate build report,0.0,2026-06-07T19:04:20Z
27101915259,build-artifact,Upload build report,1.0,2026-06-07T19:04:20Z
27101915259,build-artifact,Post Cache pip,0.0,2026-06-07T19:04:20Z
27101915259,build-artifact,Post Run actions/setup-python@v5,1.0,2026-06-07T19:04:20Z
27101915259,build-artifact,Post Run actions/checkout@v4,0.0,2026-06-07T19:04:20Z
27101915259,build-artifact,Complete job,0.0,2026-06-07T19:04:20Z
27101892348,test,Set up job,1.0,2026-06-07T19:03:22Z
27101892348,test,Run actions/checkout@v4,0.0,2026-06-07T19:03:22Z
27101892348,test,Run actions/setup-python@v5,0.0,2026-06-07T19:03:22Z
27101892348,test,Cache pip,2.0,2026-06-07T19:03:22Z
27101892348,test,Install dependencies,12.0,2026-06-07T19:03:22Z
27101892348,test,Run pytest,1.0,2026-06-07T19:03:22Z
27101892348,test,Upload test results,0.0,2026-06-07T19:03:22Z
27101892348,test,Post Cache pip,0.0,2026-06-07T19:03:22Z
27101892348,test,Post Run actions/setup-python@v5,0.0,2026-06-07T19:03:22Z
27101892348,test,Post Run actions/checkout@v4,1.0,2026-06-07T19:03:22Z
27101892348,test,Complete job,0.0,2026-06-07T19:03:22Z
27101892348,lint,Set up job,1.0,2026-06-07T19:03:22Z
27101892348,lint,Run actions/checkout@v4,0.0,2026-06-07T19:03:22Z
27101892348,lint,Run actions/setup-python@v5,0.0,2026-06-07T19:03:22Z
27101892348,lint,Cache pip,2.0,2026-06-07T19:03:22Z
27101892348,lint,Install dev dependencies,14.0,2026-06-07T19:03:22Z
27101892348,lint,Run flake8,0.0,2026-06-07T19:03:22Z
27101892348,lint,Post Cache pip,0.0,2026-06-07T19:03:22Z
27101892348,lint,Post Run actions/setup-python@v5,1.0,2026-06-07T19:03:22Z
27101892348,lint,Post Run actions/checkout@v4,0.0,2026-06-07T19:03:22Z
27101892348,lint,Complete job,0.0,2026-06-07T19:03:22Z
27101892323,lint,Set up job,1.0,2026-06-07T19:03:22Z
27101892323,lint,Run actions/checkout@v4,1.0,2026-06-07T19:03:22Z
27101892323,lint,Run actions/setup-python@v5,0.0,2026-06-07T19:03:22Z
27101892323,lint,Cache pip,1.0,2026-06-07T19:03:22Z
27101892323,lint,Install dev dependencies,12.0,2026-06-07T19:03:22Z
27101892323,lint,Run flake8,1.0,2026-06-07T19:03:22Z
27101892323,lint,Post Cache pip,0.0,2026-06-07T19:03:22Z
27101892323,lint,Post Run actions/setup-python@v5,0.0,2026-06-07T19:03:22Z
27101892323,lint,Post Run actions/checkout@v4,1.0,2026-06-07T19:03:22Z
27101892323,lint,Complete job,0.0,2026-06-07T19:03:22Z
27101892323,test,Set up job,1.0,2026-06-07T19:03:22Z
27101892323,test,Run actions/checkout@v4,0.0,2026-06-07T19:03:22Z
27101892323,test,Run actions/setup-python@v5,0.0,2026-06-07T19:03:22Z
27101892323,test,Cache pip,1.0,2026-06-07T19:03:22Z
27101892323,test,Install dependencies,12.0,2026-06-07T19:03:22Z
27101892323,test,Run pytest,1.0,2026-06-07T19:03:22Z
27101892323,test,Upload test results,1.0,2026-06-07T19:03:22Z
27101892323,test,Post Cache pip,0.0,2026-06-07T19:03:22Z
27101892323,test,Post Run actions/setup-python@v5,0.0,2026-06-07T19:03:22Z
27101892323,test,Post Run actions/checkout@v4,0.0,2026-06-07T19:03:22Z
27101892323,test,Complete job,0.0,2026-06-07T19:03:22Z
27101848035,lint,Set up job,1.0,2026-06-07T19:01:38Z
27101848035,lint,Run actions/checkout@v4,1.0,2026-06-07T19:01:38Z
27101848035,lint,Run actions/setup-python@v5,0.0,2026-06-07T19:01:38Z
27101848035,lint,Cache pip,3.0,2026-06-07T19:01:38Z
27101848035,lint,Install dev dependencies,12.0,2026-06-07T19:01:38Z
27101848035,lint,Run flake8,0.0,2026-06-07T19:01:38Z
27101848035,lint,Post Cache pip,1.0,2026-06-07T19:01:38Z
27101848035,lint,Post Run actions/setup-python@v5,0.0,2026-06-07T19:01:38Z
27101848035,lint,Post Run actions/checkout@v4,0.0,2026-06-07T19:01:38Z
27101848035,lint,Complete job,0.0,2026-06-07T19:01:38Z
27101848035,test,Set up job,2.0,2026-06-07T19:01:38Z
27101848035,test,Run actions/checkout@v4,1.0,2026-06-07T19:01:38Z
27101848035,test,Run actions/setup-python@v5,0.0,2026-06-07T19:01:38Z
27101848035,test,Cache pip,2.0,2026-06-07T19:01:38Z
27101848035,test,Install dependencies,13.0,2026-06-07T19:01:38Z
27101848035,test,Run pytest,21.0,2026-06-07T19:01:38Z
27101848035,test,Upload test results,1.0,2026-06-07T19:01:38Z
27101848035,test,Post Cache pip,0.0,2026-06-07T19:01:38Z
27101848035,test,Post Run actions/setup-python@v5,0.0,2026-06-07T19:01:38Z
27101848035,test,Post Run actions/checkout@v4,0.0,2026-06-07T19:01:38Z
27101848035,test,Complete job,0.0,2026-06-07T19:01:38Z
27101848035,build-artifact,Set up job,1.0,2026-06-07T19:01:38Z
27101848035,build-artifact,Run actions/checkout@v4,1.0,2026-06-07T19:01:38Z
27101848035,build-artifact,Run actions/setup-python@v5,0.0,2026-06-07T19:01:38Z
27101848035,build-artifact,Cache pip,2.0,2026-06-07T19:01:38Z
27101848035,build-artifact,Install runtime dependencies,2.0,2026-06-07T19:01:38Z
27101848035,build-artifact,Generate build report,0.0,2026-06-07T19:01:38Z
27101848035,build-artifact,Upload build report,1.0,2026-06-07T19:01:38Z
27101848035,build-artifact,Post Cache pip,0.0,2026-06-07T19:01:38Z
27101848035,build-artifact,Post Run actions/setup-python@v5,0.0,2026-06-07T19:01:38Z
27101848035,build-artifact,Post Run actions/checkout@v4,0.0,2026-06-07T19:01:38Z
27101848035,build-artifact,Complete job,0.0,2026-06-07T19:01:38Z
27101848017,test,Set up job,1.0,2026-06-07T19:01:38Z
27101848017,test,Run actions/checkout@v4,1.0,2026-06-07T19:01:38Z
27101848017,test,Run actions/setup-python@v5,0.0,2026-06-07T19:01:38Z
27101848017,test,Cache pip,1.0,2026-06-07T19:01:38Z
27101848017,test,Install dependencies,12.0,2026-06-07T19:01:38Z
27101848017,test,Run pytest,20.0,2026-06-07T19:01:38Z
27101848017,test,Upload test results,1.0,2026-06-07T19:01:38Z
27101848017,test,Post Cache pip,0.0,2026-06-07T19:01:38Z
27101848017,test,Post Run actions/setup-python@v5,0.0,2026-06-07T19:01:38Z
27101848017,test,Post Run actions/checkout@v4,0.0,2026-06-07T19:01:38Z
27101848017,test,Complete job,0.0,2026-06-07T19:01:38Z
27101848017,lint,Set up job,1.0,2026-06-07T19:01:38Z
27101848017,lint,Run actions/checkout@v4,0.0,2026-06-07T19:01:38Z
27101848017,lint,Run actions/setup-python@v5,1.0,2026-06-07T19:01:38Z
27101848017,lint,Cache pip,2.0,2026-06-07T19:01:38Z
27101848017,lint,Install dev dependencies,12.0,2026-06-07T19:01:38Z
27101848017,lint,Run flake8,0.0,2026-06-07T19:01:38Z
27101848017,lint,Post Cache pip,0.0,2026-06-07T19:01:38Z
27101848017,lint,Post Run actions/setup-python@v5,0.0,2026-06-07T19:01:38Z
27101848017,lint,Post Run actions/checkout@v4,1.0,2026-06-07T19:01:38Z
27101848017,lint,Complete job,0.0,2026-06-07T19:01:38Z
27101848017,build-artifact,Set up job,2.0,2026-06-07T19:01:38Z
27101848017,build-artifact,Run actions/checkout@v4,0.0,2026-06-07T19:01:38Z
27101848017,build-artifact,Run actions/setup-python@v5,0.0,2026-06-07T19:01:38Z
27101848017,build-artifact,Cache pip,2.0,2026-06-07T19:01:38Z
27101848017,build-artifact,Install runtime dependencies,3.0,2026-06-07T19:01:38Z
27101848017,build-artifact,Generate build report,0.0,2026-06-07T19:01:38Z
27101848017,build-artifact,Upload build report,1.0,2026-06-07T19:01:38Z
27101848017,build-artifact,Post Cache pip,0.0,2026-06-07T19:01:38Z
27101848017,build-artifact,Post Run actions/setup-python@v5,0.0,2026-06-07T19:01:38Z
27101848017,build-artifact,Post Run actions/checkout@v4,0.0,2026-06-07T19:01:38Z
27101848017,build-artifact,Complete job,0.0,2026-06-07T19:01:38Z
27101807787,test,Set up job,1.0,2026-06-07T19:00:08Z
27101807787,test,Run actions/checkout@v4,0.0,2026-06-07T19:00:08Z
27101807787,test,Run actions/setup-python@v5,0.0,2026-06-07T19:00:08Z
27101807787,test,Cache pip,1.0,2026-06-07T19:00:08Z
27101807787,test,Install dependencies,14.0,2026-06-07T19:00:08Z
27101807787,test,Run pytest,11.0,2026-06-07T19:00:08Z
27101807787,test,Upload test results,0.0,2026-06-07T19:00:08Z
27101807787,test,Post Cache pip,0.0,2026-06-07T19:00:08Z
27101807787,test,Post Run actions/setup-python@v5,1.0,2026-06-07T19:00:08Z
27101807787,test,Post Run actions/checkout@v4,0.0,2026-06-07T19:00:08Z
27101807787,test,Complete job,0.0,2026-06-07T19:00:08Z
27101807787,lint,Set up job,1.0,2026-06-07T19:00:08Z
27101807787,lint,Run actions/checkout@v4,1.0,2026-06-07T19:00:08Z
27101807787,lint,Run actions/setup-python@v5,0.0,2026-06-07T19:00:08Z
27101807787,lint,Cache pip,1.0,2026-06-07T19:00:08Z
27101807787,lint,Install dev dependencies,14.0,2026-06-07T19:00:08Z
27101807787,lint,Run flake8,0.0,2026-06-07T19:00:08Z
27101807787,lint,Post Cache pip,1.0,2026-06-07T19:00:08Z
27101807787,lint,Post Run actions/setup-python@v5,0.0,2026-06-07T19:00:08Z
27101807787,lint,Post Run actions/checkout@v4,0.0,2026-06-07T19:00:08Z
27101807787,lint,Complete job,0.0,2026-06-07T19:00:08Z
27101807787,build-artifact,Set up job,1.0,2026-06-07T19:00:08Z
27101807787,build-artifact,Run actions/checkout@v4,1.0,2026-06-07T19:00:08Z
27101807787,build-artifact,Run actions/setup-python@v5,0.0,2026-06-07T19:00:08Z
27101807787,build-artifact,Cache pip,2.0,2026-06-07T19:00:08Z
27101807787,build-artifact,Install runtime dependencies,0.0,2026-06-07T19:00:08Z
27101807787,build-artifact,Generate build report,0.0,2026-06-07T19:00:08Z
27101807787,build-artifact,Upload build report,1.0,2026-06-07T19:00:08Z
27101807787,build-artifact,Post Cache pip,1.0,2026-06-07T19:00:08Z
27101807787,build-artifact,Post Run actions/setup-python@v5,0.0,2026-06-07T19:00:08Z
27101807787,build-artifact,Post Run actions/checkout@v4,0.0,2026-06-07T19:00:08Z
27101807787,build-artifact,Complete job,0.0,2026-06-07T19:00:08Z
27101807779,lint,Set up job,1.0,2026-06-07T19:00:08Z
27101807779,lint,Run actions/checkout@v4,1.0,2026-06-07T19:00:08Z
27101807779,lint,Run actions/setup-python@v5,0.0,2026-06-07T19:00:08Z
27101807779,lint,Cache pip,1.0,2026-06-07T19:00:08Z
27101807779,lint,Install dev dependencies,11.0,2026-06-07T19:00:08Z
27101807779,lint,Run flake8,1.0,2026-06-07T19:00:08Z
27101807779,lint,Post Cache pip,0.0,2026-06-07T19:00:08Z
27101807779,lint,Post Run actions/setup-python@v5,0.0,2026-06-07T19:00:08Z
27101807779,lint,Post Run actions/checkout@v4,0.0,2026-06-07T19:00:08Z
27101807779,lint,Complete job,0.0,2026-06-07T19:00:08Z
27101807779,test,Set up job,1.0,2026-06-07T19:00:08Z
27101807779,test,Run actions/checkout@v4,0.0,2026-06-07T19:00:08Z
27101807779,test,Run actions/setup-python@v5,1.0,2026-06-07T19:00:08Z
27101807779,test,Cache pip,0.0,2026-06-07T19:00:08Z
27101807779,test,Install dependencies,15.0,2026-06-07T19:00:08Z
27101807779,test,Run pytest,10.0,2026-06-07T19:00:08Z
27101807779,test,Upload test results,1.0,2026-06-07T19:00:08Z
27101807779,test,Post Cache pip,0.0,2026-06-07T19:00:08Z
27101807779,test,Post Run actions/setup-python@v5,0.0,2026-06-07T19:00:08Z
27101807779,test,Post Run actions/checkout@v4,0.0,2026-06-07T19:00:08Z
27101807779,test,Complete job,1.0,2026-06-07T19:00:08Z
27101807779,build-artifact,Set up job,1.0,2026-06-07T19:00:08Z
27101807779,build-artifact,Run actions/checkout@v4,1.0,2026-06-07T19:00:08Z
27101807779,build-artifact,Run actions/setup-python@v5,0.0,2026-06-07T19:00:08Z
27101807779,build-artifact,Cache pip,1.0,2026-06-07T19:00:08Z
27101807779,build-artifact,Install runtime dependencies,2.0,2026-06-07T19:00:08Z
27101807779,build-artifact,Generate build report,0.0,2026-06-07T19:00:08Z
27101807779,build-artifact,Upload build report,1.0,2026-06-07T19:00:08Z
27101807779,build-artifact,Post Cache pip,0.0,2026-06-07T19:00:08Z
27101807779,build-artifact,Post Run actions/setup-python@v5,0.0,2026-06-07T19:00:08Z
27101807779,build-artifact,Post Run actions/checkout@v4,1.0,2026-06-07T19:00:08Z
27101807779,build-artifact,Complete job,0.0,2026-06-07T19:00:08Z
27101771617,lint,Set up job,1.0,2026-06-07T18:58:37Z
27101771617,lint,Run actions/checkout@v4,1.0,2026-06-07T18:58:37Z
27101771617,lint,Run actions/setup-python@v5,0.0,2026-06-07T18:58:37Z
27101771617,lint,Cache pip,5.0,2026-06-07T18:58:37Z
27101771617,lint,Install dev dependencies,13.0,2026-06-07T18:58:37Z
27101771617,lint,Run flake8,1.0,2026-06-07T18:58:37Z
27101771617,lint,Post Cache pip,0.0,2026-06-07T18:58:37Z
27101771617,lint,Post Run actions/setup-python@v5,0.0,2026-06-07T18:58:37Z
27101771617,lint,Post Run actions/checkout@v4,0.0,2026-06-07T18:58:37Z
27101771617,lint,Complete job,0.0,2026-06-07T18:58:37Z
27101771617,test,Set up job,1.0,2026-06-07T18:58:37Z
27101771617,test,Run actions/checkout@v4,1.0,2026-06-07T18:58:37Z
27101771617,test,Run actions/setup-python@v5,0.0,2026-06-07T18:58:37Z
27101771617,test,Cache pip,1.0,2026-06-07T18:58:37Z
27101771617,test,Install dependencies,11.0,2026-06-07T18:58:37Z
27101771617,test,Run pytest,1.0,2026-06-07T18:58:37Z
27101771617,test,Upload test results,0.0,2026-06-07T18:58:37Z
27101771617,test,Post Cache pip,1.0,2026-06-07T18:58:37Z
27101771617,test,Post Run actions/setup-python@v5,0.0,2026-06-07T18:58:37Z
27101771617,test,Post Run actions/checkout@v4,0.0,2026-06-07T18:58:37Z
27101771617,test,Complete job,0.0,2026-06-07T18:58:37Z
27101771617,build-artifact,Set up job,2.0,2026-06-07T18:58:37Z
27101771617,build-artifact,Run actions/checkout@v4,1.0,2026-06-07T18:58:37Z
27101771617,build-artifact,Run actions/setup-python@v5,0.0,2026-06-07T18:58:37Z
27101771617,build-artifact,Cache pip,2.0,2026-06-07T18:58:37Z
27101771617,build-artifact,Install runtime dependencies,1.0,2026-06-07T18:58:37Z
27101771617,build-artifact,Generate build report,0.0,2026-06-07T18:58:37Z
27101771617,build-artifact,Upload build report,1.0,2026-06-07T18:58:37Z
27101771617,build-artifact,Post Cache pip,0.0,2026-06-07T18:58:37Z
27101771617,build-artifact,Post Run actions/setup-python@v5,0.0,2026-06-07T18:58:37Z
27101771617,build-artifact,Post Run actions/checkout@v4,0.0,2026-06-07T18:58:37Z
27101771617,build-artifact,Complete job,0.0,2026-06-07T18:58:37Z
27101771606,test,Set up job,2.0,2026-06-07T18:58:37Z
27101771606,test,Run actions/checkout@v4,0.0,2026-06-07T18:58:37Z
27101771606,test,Run actions/setup-python@v5,1.0,2026-06-07T18:58:37Z
27101771606,test,Cache pip,1.0,2026-06-07T18:58:37Z
27101771606,test,Install dependencies,13.0,2026-06-07T18:58:37Z
27101771606,test,Run pytest,1.0,2026-06-07T18:58:37Z
27101771606,test,Upload test results,1.0,2026-06-07T18:58:37Z
27101771606,test,Post Cache pip,0.0,2026-06-07T18:58:37Z
27101771606,test,Post Run actions/setup-python@v5,1.0,2026-06-07T18:58:37Z
27101771606,test,Post Run actions/checkout@v4,0.0,2026-06-07T18:58:37Z
27101771606,test,Complete job,0.0,2026-06-07T18:58:37Z
27101771606,lint,Set up job,1.0,2026-06-07T18:58:37Z
27101771606,lint,Run actions/checkout@v4,1.0,2026-06-07T18:58:37Z
27101771606,lint,Run actions/setup-python@v5,0.0,2026-06-07T18:58:37Z
27101771606,lint,Cache pip,2.0,2026-06-07T18:58:37Z
27101771606,lint,Install dev dependencies,12.0,2026-06-07T18:58:37Z
27101771606,lint,Run flake8,0.0,2026-06-07T18:58:37Z
27101771606,lint,Post Cache pip,0.0,2026-06-07T18:58:37Z
27101771606,lint,Post Run actions/setup-python@v5,0.0,2026-06-07T18:58:37Z
27101771606,lint,Post Run actions/checkout@v4,1.0,2026-06-07T18:58:37Z
27101771606,lint,Complete job,0.0,2026-06-07T18:58:37Z
27101771606,build-artifact,Set up job,2.0,2026-06-07T18:58:37Z
27101771606,build-artifact,Run actions/checkout@v4,1.0,2026-06-07T18:58:37Z
27101771606,build-artifact,Run actions/setup-python@v5,1.0,2026-06-07T18:58:37Z
27101771606,build-artifact,Cache pip,2.0,2026-06-07T18:58:37Z
27101771606,build-artifact,Install runtime dependencies,2.0,2026-06-07T18:58:37Z
27101771606,build-artifact,Generate build report,0.0,2026-06-07T18:58:37Z
27101771606,build-artifact,Upload build report,1.0,2026-06-07T18:58:37Z
27101771606,build-artifact,Post Cache pip,0.0,2026-06-07T18:58:37Z
27101771606,build-artifact,Post Run actions/setup-python@v5,1.0,2026-06-07T18:58:37Z
27101771606,build-artifact,Post Run actions/checkout@v4,0.0,2026-06-07T18:58:37Z
27101771606,build-artifact,Complete job,0.0,2026-06-07T18:58:37Z
27101721797,lint,Set up job,1.0,2026-06-07T18:56:25Z
27101721797,lint,Run actions/checkout@v4,0.0,2026-06-07T18:56:25Z
27101721797,lint,Run actions/setup-python@v5,0.0,2026-06-07T18:56:25Z
27101721797,lint,Cache pip,1.0,2026-06-07T18:56:25Z
27101721797,lint,Install dev dependencies,12.0,2026-06-07T18:56:25Z
27101721797,lint,Run flake8,1.0,2026-06-07T18:56:25Z
27101721797,lint,Post Cache pip,0.0,2026-06-07T18:56:25Z
27101721797,lint,Post Run actions/setup-python@v5,0.0,2026-06-07T18:56:25Z
27101721797,lint,Post Run actions/checkout@v4,0.0,2026-06-07T18:56:25Z
27101721797,lint,Complete job,0.0,2026-06-07T18:56:25Z
27101721797,test,Set up job,2.0,2026-06-07T18:56:25Z
27101721797,test,Run actions/checkout@v4,0.0,2026-06-07T18:56:25Z
27101721797,test,Run actions/setup-python@v5,1.0,2026-06-07T18:56:25Z
27101721797,test,Cache pip,2.0,2026-06-07T18:56:25Z
27101721797,test,Install dependencies,12.0,2026-06-07T18:56:25Z
27101721797,test,Run pytest,1.0,2026-06-07T18:56:25Z
27101721797,test,Upload test results,1.0,2026-06-07T18:56:25Z
27101721797,test,Post Cache pip,0.0,2026-06-07T18:56:25Z
27101721797,test,Post Run actions/setup-python@v5,0.0,2026-06-07T18:56:25Z
27101721797,test,Post Run actions/checkout@v4,0.0,2026-06-07T18:56:25Z
27101721797,test,Complete job,0.0,2026-06-07T18:56:25Z
27101721797,build-artifact,Set up job,2.0,2026-06-07T18:56:25Z
27101721797,build-artifact,Run actions/checkout@v4,2.0,2026-06-07T18:56:25Z
27101721797,build-artifact,Run actions/setup-python@v5,0.0,2026-06-07T18:56:25Z
27101721797,build-artifact,Cache pip,1.0,2026-06-07T18:56:25Z
27101721797,build-artifact,Install runtime dependencies,5.0,2026-06-07T18:56:25Z
27101721797,build-artifact,Generate build report,0.0,2026-06-07T18:56:25Z
27101721797,build-artifact,Upload build report,1.0,2026-06-07T18:56:25Z
27101721797,build-artifact,Post Cache pip,0.0,2026-06-07T18:56:25Z
27101721797,build-artifact,Post Run actions/setup-python@v5,0.0,2026-06-07T18:56:25Z
27101721797,build-artifact,Post Run actions/checkout@v4,0.0,2026-06-07T18:56:25Z
27101721797,build-artifact,Complete job,0.0,2026-06-07T18:56:25Z
27101721791,lint,Set up job,1.0,2026-06-07T18:56:25Z
27101721791,lint,Run actions/checkout@v4,0.0,2026-06-07T18:56:25Z
27101721791,lint,Run actions/setup-python@v5,0.0,2026-06-07T18:56:25Z
27101721791,lint,Cache pip,1.0,2026-06-07T18:56:25Z
27101721791,lint,Install dev dependencies,14.0,2026-06-07T18:56:25Z
27101721791,lint,Run flake8,1.0,2026-06-07T18:56:25Z
27101721791,lint,Post Cache pip,0.0,2026-06-07T18:56:25Z
27101721791,lint,Post Run actions/setup-python@v5,0.0,2026-06-07T18:56:25Z
27101721791,lint,Post Run actions/checkout@v4,1.0,2026-06-07T18:56:25Z
27101721791,lint,Complete job,0.0,2026-06-07T18:56:25Z
27101721791,test,Set up job,1.0,2026-06-07T18:56:25Z
27101721791,test,Run actions/checkout@v4,1.0,2026-06-07T18:56:25Z
27101721791,test,Run actions/setup-python@v5,0.0,2026-06-07T18:56:25Z
27101721791,test,Cache pip,3.0,2026-06-07T18:56:25Z
27101721791,test,Install dependencies,14.0,2026-06-07T18:56:25Z
27101721791,test,Run pytest,0.0,2026-06-07T18:56:25Z
27101721791,test,Upload test results,1.0,2026-06-07T18:56:25Z
27101721791,test,Post Cache pip,1.0,2026-06-07T18:56:25Z
27101721791,test,Post Run actions/setup-python@v5,0.0,2026-06-07T18:56:25Z
27101721791,test,Post Run actions/checkout@v4,0.0,2026-06-07T18:56:25Z
27101721791,test,Complete job,0.0,2026-06-07T18:56:25Z
27101721791,build-artifact,Set up job,1.0,2026-06-07T18:56:25Z
27101721791,build-artifact,Run actions/checkout@v4,1.0,2026-06-07T18:56:25Z
27101721791,build-artifact,Run actions/setup-python@v5,0.0,2026-06-07T18:56:25Z
27101721791,build-artifact,Cache pip,3.0,2026-06-07T18:56:25Z
27101721791,build-artifact,Install runtime dependencies,3.0,2026-06-07T18:56:25Z
27101721791,build-artifact,Generate build report,0.0,2026-06-07T18:56:25Z
27101721791,build-artifact,Upload build report,2.0,2026-06-07T18:56:25Z
27101721791,build-artifact,Post Cache pip,0.0,2026-06-07T18:56:25Z
27101721791,build-artifact,Post Run actions/setup-python@v5,0.0,2026-06-07T18:56:25Z
27101721791,build-artifact,Post Run actions/checkout@v4,0.0,2026-06-07T18:56:25Z
27101721791,build-artifact,Complete job,0.0,2026-06-07T18:56:25Z
27101687780,lint,Set up job,1.0,2026-06-07T18:55:00Z
27101687780,lint,Run actions/checkout@v4,1.0,2026-06-07T18:55:00Z
27101687780,lint,Run actions/setup-python@v5,0.0,2026-06-07T18:55:00Z
27101687780,lint,Cache pip,0.0,2026-06-07T18:55:00Z
27101687780,lint,Install dev dependencies,15.0,2026-06-07T18:55:00Z
27101687780,lint,Run flake8,0.0,2026-06-07T18:55:00Z
27101687780,lint,Post Cache pip,3.0,2026-06-07T18:55:00Z
27101687780,lint,Post Run actions/setup-python@v5,0.0,2026-06-07T18:55:00Z
27101687780,lint,Post Run actions/checkout@v4,0.0,2026-06-07T18:55:00Z
27101687780,lint,Complete job,0.0,2026-06-07T18:55:00Z
27101687780,test,Set up job,1.0,2026-06-07T18:55:00Z
27101687780,test,Run actions/checkout@v4,1.0,2026-06-07T18:55:00Z
27101687780,test,Run actions/setup-python@v5,0.0,2026-06-07T18:55:00Z
27101687780,test,Cache pip,2.0,2026-06-07T18:55:00Z
27101687780,test,Install dependencies,12.0,2026-06-07T18:55:00Z
27101687780,test,Run pytest,0.0,2026-06-07T18:55:00Z
27101687780,test,Upload test results,1.0,2026-06-07T18:55:00Z
27101687780,test,Post Cache pip,1.0,2026-06-07T18:55:00Z
27101687780,test,Post Run actions/setup-python@v5,0.0,2026-06-07T18:55:00Z
27101687780,test,Post Run actions/checkout@v4,0.0,2026-06-07T18:55:00Z
27101687780,test,Complete job,0.0,2026-06-07T18:55:00Z
27101687780,build-artifact,Set up job,1.0,2026-06-07T18:55:00Z
27101687780,build-artifact,Run actions/checkout@v4,1.0,2026-06-07T18:55:00Z
27101687780,build-artifact,Run actions/setup-python@v5,0.0,2026-06-07T18:55:00Z
27101687780,build-artifact,Cache pip,3.0,2026-06-07T18:55:00Z
27101687780,build-artifact,Install runtime dependencies,3.0,2026-06-07T18:55:00Z
27101687780,build-artifact,Generate build report,0.0,2026-06-07T18:55:00Z
27101687780,build-artifact,Upload build report,1.0,2026-06-07T18:55:00Z
27101687780,build-artifact,Post Cache pip,1.0,2026-06-07T18:55:00Z
27101687780,build-artifact,Post Run actions/setup-python@v5,0.0,2026-06-07T18:55:00Z
27101687780,build-artifact,Post Run actions/checkout@v4,0.0,2026-06-07T18:55:00Z
27101687780,build-artifact,Complete job,0.0,2026-06-07T18:55:00Z
27101687778,test,Set up job,1.0,2026-06-07T18:55:00Z
27101687778,test,Run actions/checkout@v4,1.0,2026-06-07T18:55:00Z
27101687778,test,Run actions/setup-python@v5,0.0,2026-06-07T18:55:00Z
27101687778,test,Cache pip,1.0,2026-06-07T18:55:00Z
27101687778,test,Install dependencies,14.0,2026-06-07T18:55:00Z
27101687778,test,Run pytest,1.0,2026-06-07T18:55:00Z
27101687778,test,Upload test results,1.0,2026-06-07T18:55:00Z
27101687778,test,Post Cache pip,1.0,2026-06-07T18:55:00Z
27101687778,test,Post Run actions/setup-python@v5,0.0,2026-06-07T18:55:00Z
27101687778,test,Post Run actions/checkout@v4,0.0,2026-06-07T18:55:00Z
27101687778,test,Complete job,0.0,2026-06-07T18:55:00Z
27101687778,lint,Set up job,2.0,2026-06-07T18:55:00Z
27101687778,lint,Run actions/checkout@v4,1.0,2026-06-07T18:55:00Z
27101687778,lint,Run actions/setup-python@v5,0.0,2026-06-07T18:55:00Z
27101687778,lint,Cache pip,0.0,2026-06-07T18:55:00Z
27101687778,lint,Install dev dependencies,15.0,2026-06-07T18:55:00Z
27101687778,lint,Run flake8,1.0,2026-06-07T18:55:00Z
27101687778,lint,Post Cache pip,1.0,2026-06-07T18:55:00Z
27101687778,lint,Post Run actions/setup-python@v5,0.0,2026-06-07T18:55:00Z
27101687778,lint,Post Run actions/checkout@v4,0.0,2026-06-07T18:55:00Z
27101687778,lint,Complete job,0.0,2026-06-07T18:55:00Z
27101687778,build-artifact,Set up job,1.0,2026-06-07T18:55:00Z
27101687778,build-artifact,Run actions/checkout@v4,0.0,2026-06-07T18:55:00Z
27101687778,build-artifact,Run actions/setup-python@v5,1.0,2026-06-07T18:55:00Z
27101687778,build-artifact,Cache pip,2.0,2026-06-07T18:55:00Z
27101687778,build-artifact,Install runtime dependencies,2.0,2026-06-07T18:55:00Z
27101687778,build-artifact,Generate build report,0.0,2026-06-07T18:55:00Z
27101687778,build-artifact,Upload build report,1.0,2026-06-07T18:55:00Z
27101687778,build-artifact,Post Cache pip,1.0,2026-06-07T18:55:00Z
27101687778,build-artifact,Post Run actions/setup-python@v5,0.0,2026-06-07T18:55:00Z
27101687778,build-artifact,Post Run actions/checkout@v4,0.0,2026-06-07T18:55:00Z
27101687778,build-artifact,Complete job,0.0,2026-06-07T18:55:00Z
